label,description
Agricultural Equipment Services,"Businesses involved in providing agricultural equipment services, including professional support and operational assistance tailored to the needs of the respective industry."
Soil Nutrient Application Services,"Businesses involved in providing soil nutrient application services, including professional support and operational assistance tailored to the needs of the respective industry."
Pesticide Application Services,"Businesses involved in providing pesticide application services, including professional support and operational assistance tailored to the needs of the respective industry."
Ornamental Plant Nurseries,"Companies that cultivate and sell young plants, trees, or shrubs, often for landscaping, gardening, or agricultural purposes."
Landscaping Services,"Businesses involved in providing landscaping services, including professional support and operational assistance tailored to the needs of the respective industry."
Gardening Services,"Businesses involved in providing gardening services, including professional support and operational assistance tailored to the needs of the respective industry."
Tree Services - Pruning / Removal,"Businesses involved in providing tree services - pruning / removal, including professional support and operational assistance tailored to the needs of the respective industry."
Veterinary Services,"Businesses involved in providing veterinary services, including professional support and operational assistance tailored to the needs of the respective industry."
Veterinary Clinics,"Companies that operate in the field of veterinary clinics, offering products or services aligned with industry standards and customer needs."
Pet Boarding Services,"Businesses involved in providing pet boarding services, including professional support and operational assistance tailored to the needs of the respective industry."
Animal Day Care Services,"Businesses involved in providing animal day care services, including professional support and operational assistance tailored to the needs of the respective industry."
Pet Grooming Services,"Businesses involved in providing pet grooming services, including professional support and operational assistance tailored to the needs of the respective industry."
Animal Training Services,"Businesses involved in providing animal training services, including professional support and operational assistance tailored to the needs of the respective industry."
Veterinary Health Centers,"Companies that operate in the field of veterinary health centers, offering products or services aligned with industry standards and customer needs."
Animal Trainers,"Companies that operate in the field of animal trainers, offering products or services aligned with industry standards and customer needs."
Livestock Dealer Services,"Businesses involved in providing livestock dealer services, including professional support and operational assistance tailored to the needs of the respective industry."
Timber Harvesting Operations,"Companies that operate in the field of timber harvesting operations, offering products or services aligned with industry standards and customer needs."
Fishing and Hunting Services,"Businesses involved in providing fishing and hunting services, including professional support and operational assistance tailored to the needs of the respective industry."
Well Maintenance Services,"Businesses involved in providing well maintenance services, including professional support and operational assistance tailored to the needs of the respective industry."
Field Welding Services,"Businesses involved in providing field welding services, including professional support and operational assistance tailored to the needs of the respective industry."
Sand and Gravel Mining,"Companies that operate in the field of sand and gravel mining, offering products or services aligned with industry standards and customer needs."
Residential Driveway Construction,"Companies that operate in the field of residential driveway construction, offering products or services aligned with industry standards and customer needs."
Commercial Driveway Construction,"Companies that operate in the field of commercial driveway construction, offering products or services aligned with industry standards and customer needs."
Fencing Construction Services,"Businesses involved in providing fencing construction services, including professional support and operational assistance tailored to the needs of the respective industry."
Sidewalk Construction Services,"Businesses involved in providing sidewalk construction services, including professional support and operational assistance tailored to the needs of the respective industry."
Commercial Irrigation Systems,"Companies that operate in the field of commercial irrigation systems, offering products or services aligned with industry standards and customer needs."
Residential Drainage Systems,"Companies that operate in the field of residential drainage systems, offering products or services aligned with industry standards and customer needs."
Residential Snow Removal,"Companies that operate in the field of residential snow removal, offering products or services aligned with industry standards and customer needs."
Commercial Snow Removal,"Companies that operate in the field of commercial snow removal, offering products or services aligned with industry standards and customer needs."
General Snow Removal Services,"Businesses involved in providing general snow removal services, including professional support and operational assistance tailored to the needs of the respective industry."
Land Leveling Services,"Businesses involved in providing land leveling services, including professional support and operational assistance tailored to the needs of the respective industry."
Residential Drain Cleaning,"Companies that operate in the field of residential drain cleaning, offering products or services aligned with industry standards and customer needs."
Commercial Drain Cleaning,"Companies that operate in the field of commercial drain cleaning, offering products or services aligned with industry standards and customer needs."
Street Cleaning Operations,"Companies that operate in the field of street cleaning operations, offering products or services aligned with industry standards and customer needs."
Conveyor System Installation,"Companies that operate in the field of conveyor system installation, offering products or services aligned with industry standards and customer needs."
Low-Rise Signage Installation,"Companies that operate in the field of low-rise signage installation, offering products or services aligned with industry standards and customer needs."
High-Rise Signage Installation,"Companies that operate in the field of high-rise signage installation, offering products or services aligned with industry standards and customer needs."
Tank Installation Services,"Businesses involved in providing tank installation services, including professional support and operational assistance tailored to the needs of the respective industry."
Residential Communication Equipment Installation,"Companies that operate in the field of residential communication equipment installation, offering products or services aligned with industry standards and customer needs."
Commercial Communication Equipment Installation,"Companies that operate in the field of commercial communication equipment installation, offering products or services aligned with industry standards and customer needs."
Low-Rise Glass Installation,"Companies that operate in the field of low-rise glass installation, offering products or services aligned with industry standards and customer needs."
High-Rise Glass Installation,"Companies that operate in the field of high-rise glass installation, offering products or services aligned with industry standards and customer needs."
Industrial Machinery Installation,"Companies that operate in the field of industrial machinery installation, offering products or services aligned with industry standards and customer needs."
Agricultural Machinery Installation,"Companies that operate in the field of agricultural machinery installation, offering products or services aligned with industry standards and customer needs."
Grain Handling Machinery Installation,"Companies that operate in the field of grain handling machinery installation, offering products or services aligned with industry standards and customer needs."
Dock and Pier Construction,"Companies that operate in the field of dock and pier construction, offering products or services aligned with industry standards and customer needs."
Road and Highway Construction,"Companies that operate in the field of road and highway construction, offering products or services aligned with industry standards and customer needs."
Road Maintenance Services,"Businesses involved in providing road maintenance services, including professional support and operational assistance tailored to the needs of the respective industry."
Pipeline Construction Services,"Businesses involved in providing pipeline construction services, including professional support and operational assistance tailored to the needs of the respective industry."
New Ground Pipeline Installation,"Companies that operate in the field of new ground pipeline installation, offering products or services aligned with industry standards and customer needs."
Excavation Services,"Businesses involved in providing excavation services, including professional support and operational assistance tailored to the needs of the respective industry."
Residential Plumbing Services,"Businesses involved in providing residential plumbing services, including professional support and operational assistance tailored to the needs of the respective industry."
Commercial Plumbing Services,"Businesses involved in providing commercial plumbing services, including professional support and operational assistance tailored to the needs of the respective industry."
Industrial Plumbing Services,"Businesses involved in providing industrial plumbing services, including professional support and operational assistance tailored to the needs of the respective industry."
Boiler Installation Services,"Businesses involved in providing boiler installation services, including professional support and operational assistance tailored to the needs of the respective industry."
Boiler Repair Services,"Businesses involved in providing boiler repair services, including professional support and operational assistance tailored to the needs of the respective industry."
Steam Services,"Businesses involved in providing steam services, including professional support and operational assistance tailored to the needs of the respective industry."
Gas Installation Services,"Businesses involved in providing gas installation services, including professional support and operational assistance tailored to the needs of the respective industry."
Medical Gas Installation Services,"Businesses involved in providing medical gas installation services, including professional support and operational assistance tailored to the needs of the respective industry."
Fire Protection System Services,"Businesses involved in providing fire protection system services, including professional support and operational assistance tailored to the needs of the respective industry."
HVAC Installation and Service,"Companies that operate in the field of hvac installation and service, offering products or services aligned with industry standards and customer needs."
HVAC Inspections,"Companies that operate in the field of hvac inspections, offering products or services aligned with industry standards and customer needs."
Air Duct Cleaning Services,"Businesses involved in providing air duct cleaning services, including professional support and operational assistance tailored to the needs of the respective industry."
Water Treatment Services,"Businesses involved in providing water treatment services, including professional support and operational assistance tailored to the needs of the respective industry."
Residential Electrical Services,"Businesses involved in providing residential electrical services, including professional support and operational assistance tailored to the needs of the respective industry."
Commercial Electrical Services,"Businesses involved in providing commercial electrical services, including professional support and operational assistance tailored to the needs of the respective industry."
Alarm Installation Services,"Businesses involved in providing alarm installation services, including professional support and operational assistance tailored to the needs of the respective industry."
Electric Line Construction,"Companies that operate in the field of electric line construction, offering products or services aligned with industry standards and customer needs."
Cable Installation Services,"Businesses involved in providing cable installation services, including professional support and operational assistance tailored to the needs of the respective industry."
Elevator Installation Services,"Businesses involved in providing elevator installation services, including professional support and operational assistance tailored to the needs of the respective industry."
Low-Rise Foundation Construction,"Companies that operate in the field of low-rise foundation construction, offering products or services aligned with industry standards and customer needs."
High-Rise Foundation Construction,"Companies that operate in the field of high-rise foundation construction, offering products or services aligned with industry standards and customer needs."
Precast Concrete Installation,"Companies that operate in the field of precast concrete installation, offering products or services aligned with industry standards and customer needs."
Tilt-Up Concrete Services,"Businesses involved in providing tilt-up concrete services, including professional support and operational assistance tailored to the needs of the respective industry."
Masonry Construction Services,"Businesses involved in providing masonry construction services, including professional support and operational assistance tailored to the needs of the respective industry."
Drywall Services,"Businesses involved in providing drywall services, including professional support and operational assistance tailored to the needs of the respective industry."
Tile Installation Services,"Businesses involved in providing tile installation services, including professional support and operational assistance tailored to the needs of the respective industry."
Carpentry Services,"Businesses involved in providing carpentry services, including professional support and operational assistance tailored to the needs of the respective industry."
Millwork Services,"Businesses involved in providing millwork services, including professional support and operational assistance tailored to the needs of the respective industry."
General Handyman Services,"Businesses involved in providing general handyman services, including professional support and operational assistance tailored to the needs of the respective industry."
Insulation Services,"Businesses involved in providing insulation services, including professional support and operational assistance tailored to the needs of the respective industry."
Painting Services,"Businesses involved in providing painting services, including professional support and operational assistance tailored to the needs of the respective industry."
Spray Painting Services,"Businesses involved in providing spray painting services, including professional support and operational assistance tailored to the needs of the respective industry."
Flooring Installation Services,"Businesses involved in providing flooring installation services, including professional support and operational assistance tailored to the needs of the respective industry."
Interior Design Services,"Businesses involved in providing interior design services, including professional support and operational assistance tailored to the needs of the respective industry."
Home Staging Services,"Businesses involved in providing home staging services, including professional support and operational assistance tailored to the needs of the respective industry."
Sheet Metal Services,"Businesses involved in providing sheet metal services, including professional support and operational assistance tailored to the needs of the respective industry."
Welding Services,"Businesses involved in providing welding services, including professional support and operational assistance tailored to the needs of the respective industry."
Structural Steel Erection,"Companies that operate in the field of structural steel erection, offering products or services aligned with industry standards and customer needs."
Non-Structural Steel Fabrication,"Companies that operate in the field of non-structural steel fabrication, offering products or services aligned with industry standards and customer needs."
Windows and Doors Installation,"Companies that operate in the field of windows and doors installation, offering products or services aligned with industry standards and customer needs."
Well Drilling Services,"Businesses involved in providing well drilling services, including professional support and operational assistance tailored to the needs of the respective industry."
Directional Drilling Services,"Businesses involved in providing directional drilling services, including professional support and operational assistance tailored to the needs of the respective industry."
Infrastructure Excavation,"Companies that operate in the field of infrastructure excavation, offering products or services aligned with industry standards and customer needs."
New Ground Excavation,"Companies that operate in the field of new ground excavation, offering products or services aligned with industry standards and customer needs."
Residential Roofing Services,"Businesses involved in providing residential roofing services, including professional support and operational assistance tailored to the needs of the respective industry."
Roofing Services with Heat Application,"Businesses involved in providing roofing services with heat application, including professional support and operational assistance tailored to the needs of the respective industry."
Waterproofing Services,"Businesses involved in providing waterproofing services, including professional support and operational assistance tailored to the needs of the respective industry."
Septic System Services,"Businesses involved in providing septic system services, including professional support and operational assistance tailored to the needs of the respective industry."
Building Cleaning Services,"Businesses involved in providing building cleaning services, including professional support and operational assistance tailored to the needs of the respective industry."
Fire Safety Equipment Services,"Businesses involved in providing fire safety equipment services, including professional support and operational assistance tailored to the needs of the respective industry."
Testing and Inspection Services,"Businesses involved in providing testing and inspection services, including professional support and operational assistance tailored to the needs of the respective industry."
Single Family Residential Construction,"Companies that operate in the field of single family residential construction, offering products or services aligned with industry standards and customer needs."
Single Family Renovation Services,"Businesses involved in providing single family renovation services, including professional support and operational assistance tailored to the needs of the respective industry."
Multi-Family Construction Services,"Businesses involved in providing multi-family construction services, including professional support and operational assistance tailored to the needs of the respective industry."
Apartment Renovation Services,"Businesses involved in providing apartment renovation services, including professional support and operational assistance tailored to the needs of the respective industry."
Restoration Services,"Businesses involved in providing restoration services, including professional support and operational assistance tailored to the needs of the respective industry."
Mobile Home Construction Services,"Businesses involved in providing mobile home construction services, including professional support and operational assistance tailored to the needs of the respective industry."
Commercial Construction Services,"Businesses involved in providing commercial construction services, including professional support and operational assistance tailored to the needs of the respective industry."
Commercial Renovation Services,"Businesses involved in providing commercial renovation services, including professional support and operational assistance tailored to the needs of the respective industry."
Swimming Pool Installation Services,"Businesses involved in providing swimming pool installation services, including professional support and operational assistance tailored to the needs of the respective industry."
Swimming Pool Maintenance Services,"Businesses involved in providing swimming pool maintenance services, including professional support and operational assistance tailored to the needs of the respective industry."
Vacant Building Management,"Companies that operate in the field of vacant building management, offering products or services aligned with industry standards and customer needs."
Vacant Land Services,"Businesses involved in providing vacant land services, including professional support and operational assistance tailored to the needs of the respective industry."
Meat Processing Services,"Businesses involved in providing meat processing services, including professional support and operational assistance tailored to the needs of the respective industry."
Seafood Processing Services,"Businesses involved in providing seafood processing services, including professional support and operational assistance tailored to the needs of the respective industry."
Dairy Production Services,"Businesses involved in providing dairy production services, including professional support and operational assistance tailored to the needs of the respective industry."
Frozen Food Processing,"Companies that operate in the field of frozen food processing, offering products or services aligned with industry standards and customer needs."
Ice Production Services,"Businesses involved in providing ice production services, including professional support and operational assistance tailored to the needs of the respective industry."
Canning Services,"Businesses involved in providing canning services, including professional support and operational assistance tailored to the needs of the respective industry."
Animal Feed Manufacturing,"Companies that operate in the field of animal feed manufacturing, offering products or services aligned with industry standards and customer needs."
Pet Food Manufacturing,"Companies that operate in the field of pet food manufacturing, offering products or services aligned with industry standards and customer needs."
Grain Processing Services,"Businesses involved in providing grain processing services, including professional support and operational assistance tailored to the needs of the respective industry."
Coffee Processing Services,"Businesses involved in providing coffee processing services, including professional support and operational assistance tailored to the needs of the respective industry."
Seed Processing Services,"Businesses involved in providing seed processing services, including professional support and operational assistance tailored to the needs of the respective industry."
Bakery Production Services,"Businesses involved in providing bakery production services, including professional support and operational assistance tailored to the needs of the respective industry."
Confectionery Manufacturing,"Companies that operate in the field of confectionery manufacturing, offering products or services aligned with industry standards and customer needs."
Distilling Services,"Businesses involved in providing distilling services, including professional support and operational assistance tailored to the needs of the respective industry."
Brewery Operations,"Companies that operate in the field of brewery operations, offering products or services aligned with industry standards and customer needs."
Non-Alcoholic Beverage Manufacturing,"Companies that operate in the field of non-alcoholic beverage manufacturing, offering products or services aligned with industry standards and customer needs."
Oil and Fat Manufacturing,"Companies that operate in the field of oil and fat manufacturing, offering products or services aligned with industry standards and customer needs."
Rendering Services,"Businesses involved in providing rendering services, including professional support and operational assistance tailored to the needs of the respective industry."
Textile Manufacturing Services,"Businesses involved in providing textile manufacturing services, including professional support and operational assistance tailored to the needs of the respective industry."
Carpet Manufacturing Services,"Businesses involved in providing carpet manufacturing services, including professional support and operational assistance tailored to the needs of the respective industry."
Apparel Manufacturing,"Companies that operate in the field of apparel manufacturing, offering products or services aligned with industry standards and customer needs."
Accessory Manufacturing,"Companies that operate in the field of accessory manufacturing, offering products or services aligned with industry standards and customer needs."
Children's Clothing Manufacturing,"Companies that operate in the field of children's clothing manufacturing, offering products or services aligned with industry standards and customer needs."
Window Treatment Manufacturing,"Companies that operate in the field of window treatment manufacturing, offering products or services aligned with industry standards and customer needs."
Canvas Manufacturing,"Companies that operate in the field of canvas manufacturing, offering products or services aligned with industry standards and customer needs."
Rope Production Services,"Businesses involved in providing rope production services, including professional support and operational assistance tailored to the needs of the respective industry."
Tent Manufacturing Services,"Businesses involved in providing tent manufacturing services, including professional support and operational assistance tailored to the needs of the respective industry."
Wood Product Manufacturing,"Companies that operate in the field of wood product manufacturing, offering products or services aligned with industry standards and customer needs."
Window and Door Manufacturing,"Companies that operate in the field of window and door manufacturing, offering products or services aligned with industry standards and customer needs."
Cabinetry Manufacturing,"Companies that operate in the field of cabinetry manufacturing, offering products or services aligned with industry standards and customer needs."
Trim Manufacturing,"Companies that operate in the field of trim manufacturing, offering products or services aligned with industry standards and customer needs."
Pallet Manufacturing,"Companies that operate in the field of pallet manufacturing, offering products or services aligned with industry standards and customer needs."
Furniture Manufacturing,"Companies that operate in the field of furniture manufacturing, offering products or services aligned with industry standards and customer needs."
Bedding Manufacturing,"Companies that operate in the field of bedding manufacturing, offering products or services aligned with industry standards and customer needs."
Paper Production Services,"Businesses involved in providing paper production services, including professional support and operational assistance tailored to the needs of the respective industry."
Stationery Manufacturing,"Companies that operate in the field of stationery manufacturing, offering products or services aligned with industry standards and customer needs."
Publishing Services,"Businesses involved in providing publishing services, including professional support and operational assistance tailored to the needs of the respective industry."
Printing Services,"Businesses involved in providing printing services, including professional support and operational assistance tailored to the needs of the respective industry."
Gas Manufacturing Services,"Businesses involved in providing gas manufacturing services, including professional support and operational assistance tailored to the needs of the respective industry."
Ink Production Services,"Businesses involved in providing ink production services, including professional support and operational assistance tailored to the needs of the respective industry."
Plastic Manufacturing,"Companies that operate in the field of plastic manufacturing, offering products or services aligned with industry standards and customer needs."
Cosmetic Manufacturing,"Companies that operate in the field of cosmetic manufacturing, offering products or services aligned with industry standards and customer needs."
Soap Production Services,"Businesses involved in providing soap production services, including professional support and operational assistance tailored to the needs of the respective industry."
Chemical Manufacturing,"Companies that operate in the field of chemical manufacturing, offering products or services aligned with industry standards and customer needs."
Asphalt Production Services,"Businesses involved in providing asphalt production services, including professional support and operational assistance tailored to the needs of the respective industry."
Rubber Manufacturing,"Companies that operate in the field of rubber manufacturing, offering products or services aligned with industry standards and customer needs."
Plastic Signage Production,"Companies that specialize in the production and manufacturing processes associated with plastic signage production, delivering goods at scale for commercial use."
Media Production Services,"Businesses involved in providing media production services, including professional support and operational assistance tailored to the needs of the respective industry."
Software Manufacturing,"Companies that operate in the field of software manufacturing, offering products or services aligned with industry standards and customer needs."
Food Processing Services,"Businesses involved in providing food processing services, including professional support and operational assistance tailored to the needs of the respective industry."
Pharmaceutical Manufacturing,"Companies that operate in the field of pharmaceutical manufacturing, offering products or services aligned with industry standards and customer needs."
Laboratory Services,"Businesses involved in providing laboratory services, including professional support and operational assistance tailored to the needs of the respective industry."
Waste Management Services,"Businesses involved in providing waste management services, including professional support and operational assistance tailored to the needs of the respective industry."
Recycling Services,"Businesses involved in providing recycling services, including professional support and operational assistance tailored to the needs of the respective industry."
Environmental Consulting,"Companies that operate in the field of environmental consulting, offering products or services aligned with industry standards and customer needs."
Property Management Services,"Businesses involved in providing property management services, including professional support and operational assistance tailored to the needs of the respective industry."
Real Estate Services,"Businesses involved in providing real estate services, including professional support and operational assistance tailored to the needs of the respective industry."
Insurance Services,"Businesses involved in providing insurance services, including professional support and operational assistance tailored to the needs of the respective industry."
Financial Services,"Businesses involved in providing financial services, including professional support and operational assistance tailored to the needs of the respective industry."
Legal Services,"Businesses involved in providing legal services, including professional support and operational assistance tailored to the needs of the respective industry."
Consulting Services,"Businesses involved in providing consulting services, including professional support and operational assistance tailored to the needs of the respective industry."
Marketing Services,"Businesses involved in providing marketing services, including professional support and operational assistance tailored to the needs of the respective industry."
Human Resources Services,"Businesses involved in providing human resources services, including professional support and operational assistance tailored to the needs of the respective industry."
Management Consulting,"Companies that operate in the field of management consulting, offering products or services aligned with industry standards and customer needs."
Business Development Services,"Businesses involved in providing business development services, including professional support and operational assistance tailored to the needs of the respective industry."
Project Management Services,"Businesses involved in providing project management services, including professional support and operational assistance tailored to the needs of the respective industry."
Technology Consulting,"Companies that operate in the field of technology consulting, offering products or services aligned with industry standards and customer needs."
Software Development Services,"Businesses involved in providing software development services, including professional support and operational assistance tailored to the needs of the respective industry."
Data Analysis Services,"Businesses involved in providing data analysis services, including professional support and operational assistance tailored to the needs of the respective industry."
Market Research Services,"Businesses involved in providing market research services, including professional support and operational assistance tailored to the needs of the respective industry."
Strategic Planning Services,"Businesses involved in providing strategic planning services, including professional support and operational assistance tailored to the needs of the respective industry."
Training Services,"Businesses involved in providing training services, including professional support and operational assistance tailored to the needs of the respective industry."
Public Relations Services,"Businesses involved in providing public relations services, including professional support and operational assistance tailored to the needs of the respective industry."
Event Planning Services,"Businesses involved in providing event planning services, including professional support and operational assistance tailored to the needs of the respective industry."
Catering Services,"Businesses involved in providing catering services, including professional support and operational assistance tailored to the needs of the respective industry."
Travel Services,"Businesses involved in providing travel services, including professional support and operational assistance tailored to the needs of the respective industry."
Digital Marketing Services,"Businesses involved in providing digital marketing services, including professional support and operational assistance tailored to the needs of the respective industry."
E-Commerce Services,"Businesses involved in providing e-commerce services, including professional support and operational assistance tailored to the needs of the respective industry."
Online Marketing Services,"Businesses involved in providing online marketing services, including professional support and operational assistance tailored to the needs of the respective industry."
Content Creation Services,"Businesses involved in providing content creation services, including professional support and operational assistance tailored to the needs of the respective industry."
Website Development Services,"Businesses involved in providing website development services, including professional support and operational assistance tailored to the needs of the respective industry."
SEO Services,"Businesses involved in providing seo services, including professional support and operational assistance tailored to the needs of the respective industry."
Social Media Services,"Businesses involved in providing social media services, including professional support and operational assistance tailored to the needs of the respective industry."
Branding Services,"Businesses involved in providing branding services, including professional support and operational assistance tailored to the needs of the respective industry."
Graphic Design Services,"Businesses involved in providing graphic design services, including professional support and operational assistance tailored to the needs of the respective industry."
Advertising Services,"Businesses involved in providing advertising services, including professional support and operational assistance tailored to the needs of the respective industry."
Corporate Training Services,"Businesses involved in providing corporate training services, including professional support and operational assistance tailored to the needs of the respective industry."
Health and Safety Consulting,"Companies that operate in the field of health and safety consulting, offering products or services aligned with industry standards and customer needs."
Food Safety Services,"Businesses involved in providing food safety services, including professional support and operational assistance tailored to the needs of the respective industry."
Quality Assurance Services,"Businesses involved in providing quality assurance services, including professional support and operational assistance tailored to the needs of the respective industry."
Compliance Services,"Businesses involved in providing compliance services, including professional support and operational assistance tailored to the needs of the respective industry."
Environmental Health Services,"Businesses involved in providing environmental health services, including professional support and operational assistance tailored to the needs of the respective industry."
Risk Assessment Services,"Businesses involved in providing risk assessment services, including professional support and operational assistance tailored to the needs of the respective industry."
Crisis Management Services,"Businesses involved in providing crisis management services, including professional support and operational assistance tailored to the needs of the respective industry."
Community Engagement Services,"Businesses involved in providing community engagement services, including professional support and operational assistance tailored to the needs of the respective industry."
Stakeholder Services,"Businesses involved in providing stakeholder services, including professional support and operational assistance tailored to the needs of the respective industry."
Corporate Responsibility Services,"Businesses involved in providing corporate responsibility services, including professional support and operational assistance tailored to the needs of the respective industry."
Fundraising Services,"Businesses involved in providing fundraising services, including professional support and operational assistance tailored to the needs of the respective industry."
Volunteer Services,"Businesses involved in providing volunteer services, including professional support and operational assistance tailored to the needs of the respective industry."
Non-Profit Management,"Companies that operate in the field of non-profit management, offering products or services aligned with industry standards and customer needs."
Arts Services,"Businesses involved in providing arts services, including professional support and operational assistance tailored to the needs of the respective industry."
Sports Management Services,"Businesses involved in providing sports management services, including professional support and operational assistance tailored to the needs of the respective industry."
Fitness Coaching,"Companies that operate in the field of fitness coaching, offering products or services aligned with industry standards and customer needs."
Health Promotion Services,"Businesses involved in providing health promotion services, including professional support and operational assistance tailored to the needs of the respective industry."
Physical Therapy Services,"Businesses involved in providing physical therapy services, including professional support and operational assistance tailored to the needs of the respective industry."
Occupational Health Services,"Businesses involved in providing occupational health services, including professional support and operational assistance tailored to the needs of the respective industry."
